path,label,prediction,prob_fake,prob_real,model1_prediction,1_prob_fake,1_prob_real,model2_prediction,2_prob_fake,2_prob_real,model3_prediction,3_prob_fake,3_prob_real
/content/Dataset/Test/Fake/fake_1972.jpg,Fake,Fake,0.9991983771324158,0.0008016759529709,Real,0.0065993778407573,0.9934006929397584,Real,0.0809176713228225,0.9190823435783386,Real,0.0021950011141598,0.9978049397468568
/content/Dataset/Test/Fake/fake_2348.jpg,Fake,Fake,0.5148781538009644,0.4851218163967132,Real,0.0952805802226066,0.9047194123268129,Real,0.3753781020641327,0.6246218681335449,Real,0.1419406831264495,0.858059287071228
/content/Dataset/Test/Fake/fake_244.jpg,Fake,Fake,0.9019995927810668,0.0980003848671913,Real,0.125913381576538,0.8740866780281067,Real,0.006498119328171,0.993501842021942,Real,0.075333647429943,0.9246663451194764
/content/Dataset/Test/Fake/fake_3706.jpg,Fake,Fake,0.9829833507537842,0.0170165952295064,Real,0.0048334086313843,0.9951666593551636,Real,0.0068984786048531,0.9931014776229858,Real,0.0683608651161193,0.9316391348838806
/content/Dataset/Test/Fake/fake_3972.jpg,Fake,Fake,0.9197787046432496,0.0802213251590728,Real,0.0008941055857576,0.9991058707237244,Real,0.4663581550121307,0.5336418151855469,Real,5.782520383945666e-05,0.999942183494568
/content/Dataset/Test/Fake/fake_3997.jpg,Fake,Fake,0.94031822681427,0.059681799262762,Real,0.0030881883576512,0.9969118237495422,Real,0.1348913013935089,0.8651087284088135,Real,3.5348562960280105e-05,0.9999645948410034
/content/Dataset/Test/Fake/fake_4009.jpg,Fake,Fake,0.9122637510299684,0.0877362638711929,Real,0.0027472735382616,0.9972527623176576,Real,0.4592902064323425,0.5407097339630127,Real,0.195342555642128,0.8046573996543884
/content/Dataset/Test/Fake/fake_5048.jpg,Fake,Fake,0.7831903696060181,0.2168096303939819,Real,0.0005436118808574,0.9994563460350036,Real,0.0073128924705088,0.9926871061325072,Real,0.0033259000629186,0.9966740608215332
/content/Dataset/Test/Fake/fake_5115.jpg,Fake,Fake,0.5318463444709778,0.4681536853313446,Real,0.4348122477531433,0.5651877522468567,Real,0.327116310596466,0.6728836894035339,Real,0.0016402495093643,0.998359739780426
/content/Dataset/Test/Fake/fake_706.jpg,Fake,Fake,0.7390682697296143,0.2609317302703857,Real,0.0731428191065788,0.9268571734428406,Real,0.4072256088256836,0.5927743911743164,Real,0.4411601424217224,0.5588398575782776
/content/Dataset/Test/Real/real_1195.jpg,Real,Real,0.0012517983559519,0.9987481832504272,Fake,0.9966042041778564,0.0033957650884985,Fake,0.9969334602355956,0.003066532080993,Fake,0.9999113082885742,8.873104525264353e-05
/content/Dataset/Test/Real/real_1334.jpg,Real,Real,0.0006300659733824,0.9993699193000792,Fake,0.6372953653335571,0.3627046346664428,Fake,0.5370996594429016,0.4629003405570984,Fake,0.9944739937782288,0.0055259726941585
/content/Dataset/Test/Real/real_1372.jpg,Real,Real,0.0004530250444076,0.9995469450950624,Fake,0.8316808938980103,0.1683191210031509,Fake,0.9352732300758362,0.0647267997264862,Fake,0.9795977473258972,0.0204021967947483
/content/Dataset/Test/Real/real_1508.jpg,Real,Real,0.0230087507516145,0.9769912362098694,Fake,0.9892565608024596,0.0107434308156371,Fake,0.9735678434371948,0.0264321826398372,Fake,0.9857580661773682,0.0142418863251805
/content/Dataset/Test/Real/real_1509.jpg,Real,Real,0.2257245182991027,0.7742754817008972,Fake,0.9856839179992676,0.014316001906991,Fake,0.672256588935852,0.3277434408664703,Fake,0.999942421913147,5.755837628385052e-05
/content/Dataset/Test/Real/real_1590.jpg,Real,Real,0.497876226902008,0.5021237730979919,Fake,0.9998923540115356,0.0001076749686035,Fake,0.9971722960472108,0.002827774034813,Fake,0.8873533010482788,0.1126467138528823
/content/Dataset/Test/Real/real_1607.jpg,Real,Real,0.0421358309686183,0.9578641057014464,Fake,0.8002594709396362,0.1997405588626861,Fake,0.9994696974754332,0.0005303336656652,Fake,0.9999566078186036,4.344936678535305e-05
/content/Dataset/Test/Real/real_1625.jpg,Real,Real,0.0157002974301576,0.9842997789382936,Fake,0.997310996055603,0.0026890507433563,Fake,0.7735902667045593,0.2264097183942794,Fake,0.9999691247940063,3.09032948280219e-05
/content/Dataset/Test/Real/real_1658.jpg,Real,Real,0.0339395180344581,0.9660604596138,Fake,0.6628699898719788,0.3371299505233764,Fake,0.9636610746383668,0.0363389402627944,Fake,0.999959111213684,4.0942617488326505e-05
/content/Dataset/Test/Real/real_1661.jpg,Real,Real,0.0001131577519117,0.9998868703842164,Fake,0.9890314936637878,0.0109685333445668,Fake,0.9357359409332277,0.06426402926445,Fake,0.9999574422836304,4.2596297134878114e-05
/content/Dataset/Test/Real/real_1705.jpg,Real,Real,0.0013820100575685,0.9986180067062378,Fake,0.9995725750923156,0.0004273940285202,Fake,0.9925865530967712,0.0074134701862931,Fake,0.9999319314956664,6.80491648381576e-05
/content/Dataset/Test/Real/real_1743.jpg,Real,Real,0.004014192149043,0.9959858059883118,Fake,0.974989414215088,0.0250105503946542,Fake,0.6293311715126038,0.3706687986850738,Fake,0.9999182224273682,8.172837988240644e-05
/content/Dataset/Test/Real/real_1774.jpg,Real,Real,0.0072627640329301,0.9927372336387634,Fake,0.9999665021896362,3.3483243896625936e-05,Fake,0.9988746047019958,0.0011254060082137,Fake,0.9998158812522888,0.0001841708435676
/content/Dataset/Test/Real/real_1813.jpg,Real,Real,0.4293608069419861,0.5706391930580139,Fake,0.9478238821029664,0.0521761178970336,Fake,0.9941547513008118,0.0058453092351555,Fake,0.9999736547470092,2.6379822884337045e-05
/content/Dataset/Test/Real/real_1896.jpg,Real,Real,0.0015421662246808,0.9984577894210817,Fake,0.996350646018982,0.0036492915824055,Fake,0.9924106597900392,0.0075893201865255,Fake,0.9999325275421144,6.751887121936306e-05
/content/Dataset/Test/Real/real_1897.jpg,Real,Real,0.0452619530260562,0.9547380208969116,Fake,0.999992609024048,7.405542874039384e-06,Fake,0.9965247511863708,0.0034751908387988,Fake,0.999941349029541,5.859299199073576e-05
/content/Dataset/Test/Real/real_1898.jpg,Real,Real,0.0333927869796752,0.9666072130203248,Fake,0.9918134212493896,0.0081865433603525,Fake,0.8987656235694885,0.1012344360351562,Fake,0.9999417066574096,5.830205191159621e-05
/content/Dataset/Test/Real/real_1904.jpg,Real,Real,0.0005710968398489,0.999428927898407,Fake,0.9826344847679138,0.0173655394464731,Fake,0.957788348197937,0.042211677879095,Fake,0.9998962879180908,0.0001037148758769
/content/Dataset/Test/Real/real_1945.jpg,Real,Real,0.1919909715652465,0.8080090880393982,Fake,0.9979851245880128,0.0020148251205682,Fake,0.9985595345497132,0.0014404915273189,Fake,0.9999611377716064,3.886526610585861e-05
/content/Dataset/Test/Real/real_1946.jpg,Real,Real,0.0013756649568676,0.998624324798584,Fake,0.7104293704032898,0.2895705997943878,Fake,0.83344566822052,0.1665543317794799,Fake,0.9999569654464722,4.301933950046077e-05
/content/Dataset/Test/Real/real_1948.jpg,Real,Real,0.0840967744588851,0.9159032106399536,Fake,0.8227863311767578,0.1772136986255645,Fake,0.91012841463089,0.0898716449737548,Fake,0.9915812611579896,0.0084187081083655
/content/Dataset/Test/Real/real_1996.jpg,Real,Real,5.945766679360531e-05,0.9999405145645142,Fake,0.64837247133255,0.3516275584697723,Fake,0.8737713694572449,0.1262286454439163,Fake,0.9999169111251832,8.302798232762143e-05
/content/Dataset/Test/Real/real_2091.jpg,Real,Real,6.552278500748798e-05,0.9999344348907472,Fake,0.9902555346488952,0.0097444290295243,Fake,0.9820468425750732,0.0179531220346689,Fake,0.9999724626541138,2.7576110369409434e-05
/content/Dataset/Test/Real/real_2123.jpg,Real,Real,0.0118539584800601,0.9881460666656494,Fake,0.9992430210113524,0.0007569664740003,Fake,0.7361346483230591,0.2638652920722961,Fake,0.9999622106552124,3.781445775530301e-05
/content/Dataset/Test/Real/real_2129.jpg,Real,Real,0.0001885375240817,0.9998114705085754,Fake,0.9935731291770936,0.0064268019050359,Fake,0.9955025315284728,0.004497502464801,Fake,0.9999523162841796,4.769911174662411e-05
/content/Dataset/Test/Real/real_2167.jpg,Real,Real,0.4056160449981689,0.5943838953971863,Fake,0.9954710006713868,0.0045289928093552,Fake,0.9917111396789552,0.0082888705655932,Fake,0.9999371767044068,6.284597475314513e-05
/content/Dataset/Test/Real/real_2170.jpg,Real,Real,0.1715295016765594,0.8284704685211182,Fake,0.999976634979248,2.3350445189862512e-05,Fake,0.9669075012207032,0.0330925546586513,Fake,0.9999438524246216,5.616760972770862e-05
/content/Dataset/Test/Real/real_2214.jpg,Real,Real,0.2376175969839096,0.7623823881149292,Fake,0.6731725931167603,0.3268274068832397,Fake,0.9774456024169922,0.0225544814020395,Fake,0.5873987078666687,0.4126013219356537
/content/Dataset/Test/Real/real_222.jpg,Real,Real,0.1851454973220825,0.8148545622825623,Fake,0.7693477869033813,0.2306521832942962,Fake,0.9930397272109984,0.0069601987488567,Fake,0.9996368885040284,0.0003631130966823
/content/Dataset/Test/Real/real_2227.jpg,Real,Real,0.101752683520317,0.8982473611831665,Fake,0.8048226833343506,0.1951773315668106,Fake,0.5846284627914429,0.4153715074062347,Fake,0.9959349632263184,0.004065073095262
/content/Dataset/Test/Real/real_2237.jpg,Real,Real,0.2868387699127197,0.713161289691925,Fake,0.9983952641487122,0.0016047431854531,Fake,0.9998648166656494,0.0001351925602648,Fake,0.9999380111694336,6.2036000599619e-05
/content/Dataset/Test/Real/real_2290.jpg,Real,Real,0.4180933535099029,0.5819066762924194,Fake,0.9999986886978148,1.2654734291572822e-06,Fake,0.8967451453208923,0.1032548248767852,Fake,0.9999558925628662,4.411029294715263e-05
/content/Dataset/Test/Real/real_2336.jpg,Real,Real,0.0075789336115121,0.9924210906028748,Fake,0.999870777130127,0.0001291879598284,Fake,0.9250031113624572,0.0749969109892845,Fake,0.9999696016311646,3.040975207113661e-05
/content/Dataset/Test/Real/real_2382.jpg,Real,Real,0.0002051944175036,0.9997947812080384,Fake,0.8298658728599548,0.1701340973377227,Fake,0.9766340851783752,0.0233658999204635,Fake,0.9999428987503052,5.7140332501148805e-05
/content/Dataset/Test/Real/real_2416.jpg,Real,Real,0.0006409162306226,0.9993590712547302,Fake,0.9961252808570862,0.0038747650105506,Fake,0.6105560064315796,0.3894439935684204,Fake,0.9999446868896484,5.526512177311815e-05
/content/Dataset/Test/Real/real_2458.jpg,Real,Real,0.0073299398645758,0.9926700592041016,Fake,0.9463962316513062,0.0536037497222423,Fake,0.9785312414169312,0.0214687287807464,Fake,0.999948501586914,5.152548328624107e-05
/content/Dataset/Test/Real/real_2555.jpg,Real,Real,0.0001488410343881,0.9998511075973512,Fake,0.9999895095825196,1.0506031685508788e-05,Fake,0.8528793454170227,0.1471206843852996,Fake,0.9399176239967346,0.060082372277975
/content/Dataset/Test/Real/real_2571.jpg,Real,Real,0.0046278159134089,0.995372235774994,Fake,0.9998206496238708,0.0001794122945284,Fake,0.9140034914016724,0.085996463894844,Fake,0.9999603033065796,3.9752911106916144e-05
/content/Dataset/Test/Real/real_2648.jpg,Real,Real,0.0886510834097862,0.9113489389419556,Fake,0.999880313873291,0.0001196225202875,Fake,0.9888588190078736,0.0111411344259977,Fake,0.9293880462646484,0.0706119611859321
/content/Dataset/Test/Real/real_2663.jpg,Real,Real,0.0091535151004791,0.9908464550971984,Fake,0.6356759667396545,0.3643239736557007,Fake,0.9752301573753356,0.0247697848826646,Fake,0.9967747330665588,0.0032252930104732
/content/Dataset/Test/Real/real_2697.jpg,Real,Real,0.0012228435371071,0.9987770915031432,Fake,0.9971843361854552,0.0028155939653515,Fake,0.895545244216919,0.1044547408819198,Fake,0.9988422989845276,0.0011577493278309
/content/Dataset/Test/Real/real_2743.jpg,Real,Real,0.179283007979393,0.8207170367240906,Fake,0.96503084897995,0.0349691547453403,Fake,0.9159409999847412,0.0840589925646781,Fake,0.9686263203620912,0.0313736386597156
/content/Dataset/Test/Real/real_2794.jpg,Real,Real,0.207405224442482,0.792594850063324,Fake,0.8137228488922119,0.1862770915031433,Fake,0.9653767943382264,0.0346231721341609,Fake,0.9999592304229736,4.080039070686325e-05
/content/Dataset/Test/Real/real_2822.jpg,Real,Real,0.0014993493678048,0.9985007047653198,Fake,0.6742703318595886,0.3257296681404114,Fake,0.6408328413963318,0.3591671288013458,Fake,0.9308678507804872,0.0691321715712547
/content/Dataset/Test/Real/real_2840.jpg,Real,Real,0.008180153556168,0.9918198585510254,Fake,0.9952587485313416,0.0047412244603037,Fake,0.9697957634925842,0.0302042420953512,Fake,0.9999403953552246,5.961533315712586e-05
/content/Dataset/Test/Real/real_2860.jpg,Real,Real,0.0585203506052494,0.9414796233177184,Fake,0.9721739292144777,0.0278260074555873,Fake,0.897847592830658,0.1021523922681808,Fake,0.9999668598175048,3.317301525385119e-05
/content/Dataset/Test/Real/real_2861.jpg,Real,Real,0.0006723412079736,0.9993276596069336,Fake,0.9791979789733888,0.0208020340651273,Fake,0.8651394248008728,0.1348606050014495,Fake,0.9979289770126344,0.0020710309036076
/content/Dataset/Test/Real/real_2866.jpg,Real,Real,0.0079357409849762,0.9920642971992492,Fake,0.9755800366401672,0.0244199689477682,Fake,0.969832956790924,0.0301669910550117,Fake,0.9997742772102356,0.0002257335872855
/content/Dataset/Test/Real/real_2970.jpg,Real,Real,0.0093998201191425,0.9906001091003418,Fake,0.9949733018875122,0.0050266990438103,Fake,0.9671580791473388,0.0328418910503387,Fake,0.9988056421279908,0.0011943443678319
/content/Dataset/Test/Real/real_3022.jpg,Real,Real,0.0827271416783332,0.9172728657722472,Fake,0.9999679327011108,3.2107040169648826e-05,Fake,0.9896267652511596,0.0103731825947761,Fake,0.9999319314956664,6.811325147282332e-05
/content/Dataset/Test/Real/real_3025.jpg,Real,Real,4.270440331310965e-05,0.9999573230743408,Fake,0.9752709865570068,0.0247290078550577,Fake,0.8457189798355103,0.1542810350656509,Fake,0.9999281167984008,7.192786870291457e-05
/content/Dataset/Test/Real/real_3043.jpg,Real,Real,0.1155662909150123,0.8844337463378906,Fake,0.951891303062439,0.048108659684658,Fake,0.9100965857505798,0.0899034217000007,Fake,0.9966388940811156,0.0033610379323363
/content/Dataset/Test/Real/real_3086.jpg,Real,Real,0.4972113370895386,0.5027886629104614,Fake,0.8507338166236877,0.1492662131786346,Fake,0.9842180013656616,0.0157819837331771,Fake,0.9977854490280152,0.0022145758848637
/content/Dataset/Test/Real/real_3149.jpg,Real,Real,0.0001876808673841,0.9998123049736024,Fake,0.5999500155448914,0.4000499546527862,Fake,0.5264302492141724,0.4735697209835052,Fake,0.9986914992332458,0.0013085608370602
/content/Dataset/Test/Real/real_32.jpg,Real,Real,0.3217357695102691,0.6782642602920532,Fake,0.996110737323761,0.0038892508018761,Fake,0.8976379632949829,0.1023620963096618,Fake,0.999935746192932,6.424059392884374e-05
/content/Dataset/Test/Real/real_326.jpg,Real,Real,0.0050085638649761,0.9949914813041688,Fake,0.5310163497924805,0.4689835906028747,Fake,0.7652899026870728,0.2347101420164108,Fake,0.9966350197792052,0.0033650372643023
/content/Dataset/Test/Real/real_3291.jpg,Real,Real,0.0001293354871449,0.9998706579208374,Fake,0.894120991230011,0.1058790683746337,Fake,0.6263084411621094,0.3736915588378906,Fake,0.9999308586120604,6.910614320077002e-05
/content/Dataset/Test/Real/real_3292.jpg,Real,Real,6.0352369473548606e-05,0.9999396800994872,Fake,0.5461892485618591,0.4538108110427856,Fake,0.9634532332420348,0.036546766757965,Fake,0.9999241828918456,7.581122918054461e-05
/content/Dataset/Test/Real/real_33.jpg,Real,Real,0.0188261866569519,0.9811737537384032,Fake,0.7233277559280396,0.276672214269638,Fake,0.9725332856178284,0.0274667609483003,Fake,0.9998879432678224,0.0001120968809118
/content/Dataset/Test/Real/real_3312.jpg,Real,Real,0.0007992393220774,0.9992007613182068,Fake,0.6377319097518921,0.3622681498527527,Fake,0.9171936511993408,0.0828063562512397,Fake,0.9875434637069702,0.0124565083533525
/content/Dataset/Test/Real/real_3433.jpg,Real,Real,0.000174770670128,0.9998252987861632,Fake,0.8913794755935669,0.108620598912239,Fake,0.975042998790741,0.0249569695442914,Fake,0.999951958656311,4.799331509275362e-05
/content/Dataset/Test/Real/real_3452.jpg,Real,Real,0.0023510912433266,0.9976488947868348,Fake,0.9663968682289124,0.0336031280457973,Fake,0.8306001424789429,0.1693998724222183,Fake,0.9999232292175292,7.672864012420177e-05
/content/Dataset/Test/Real/real_3454.jpg,Real,Real,0.2144964188337326,0.7855035662651062,Fake,0.9993139505386353,0.0006860756548121,Fake,0.9974404573440552,0.0025595459155738,Fake,0.9999141693115234,8.586142939748242e-05
/content/Dataset/Test/Real/real_3469.jpg,Real,Real,0.0162730421870946,0.983726978302002,Fake,0.9998032450675964,0.0001967382268048,Fake,0.769008994102478,0.2309909611940384,Fake,0.9999436140060424,5.6328361097257584e-05
/content/Dataset/Test/Real/real_3470.jpg,Real,Real,0.0003534101124387,0.999646544456482,Fake,0.9999510049819946,4.896086102235131e-05,Fake,0.9987138509750366,0.0012862007133662,Fake,0.9998990297317504,0.0001009119368973
/content/Dataset/Test/Real/real_3475.jpg,Real,Real,0.0214786473661661,0.9785213470458984,Fake,0.7877693772315979,0.2122305929660797,Fake,0.5401878356933594,0.4598121345043182,Fake,0.9719374179840088,0.0280626527965068
/content/Dataset/Test/Real/real_3493.jpg,Real,Real,0.0726310834288597,0.9273688793182372,Fake,0.9996744394302368,0.0003255357441958,Fake,0.9936028122901917,0.0063971588388085,Fake,0.9193836450576782,0.0806163772940635
/content/Dataset/Test/Real/real_35.jpg,Real,Real,0.1596208959817886,0.8403791189193726,Fake,0.9997100234031676,0.0002899799728766,Fake,0.9946932196617126,0.0053068213164806,Fake,0.9999116659164428,8.837140921968967e-05
/content/Dataset/Test/Real/real_3506.jpg,Real,Real,0.0001637206587474,0.9998362064361572,Fake,0.5205957889556885,0.4794041514396667,Fake,0.930510938167572,0.0694891437888145,Fake,0.9975475668907166,0.0024524179752916
/content/Dataset/Test/Real/real_3542.jpg,Real,Real,0.0036370665766298,0.9963629841804504,Fake,0.9999895095825196,1.0528569873713424e-05,Fake,0.9967718720436096,0.0032281535677611,Fake,0.9999163150787354,8.363046072190627e-05
/content/Dataset/Test/Real/real_3557.jpg,Real,Real,0.0113952662795782,0.9886047840118408,Fake,0.981917679309845,0.0180823132395744,Fake,0.9895193576812744,0.0104805817827582,Fake,0.9999476671218872,5.238358426140621e-05
/content/Dataset/Test/Real/real_3559.jpg,Real,Real,0.0057420027442276,0.994257926940918,Fake,0.9994112253189088,0.0005888396990485,Fake,0.9974433183670044,0.0025567158591002,Fake,0.9999560117721558,4.402628837851808e-05
/content/Dataset/Test/Real/real_3560.jpg,Real,Real,0.0010465960949659,0.998953342437744,Fake,0.9999579191207886,4.2073119402630255e-05,Fake,0.9306169152259828,0.0693830773234367,Fake,0.9999459981918336,5.402061651693657e-05
/content/Dataset/Test/Real/real_3564.jpg,Real,Real,0.1884449124336242,0.811555027961731,Fake,0.9996335506439208,0.000366387917893,Fake,0.927751362323761,0.0722486972808837,Fake,0.9999394416809082,6.05323730269447e-05
/content/Dataset/Test/Real/real_3569.jpg,Real,Real,0.0053408895619213,0.9946591258049012,Fake,0.9999734163284302,2.655060961842537e-05,Fake,0.9396947622299194,0.0603052638471126,Fake,0.9999152421951294,8.473327034153044e-05
/content/Dataset/Test/Real/real_3570.jpg,Real,Real,0.0014502614503726,0.99854975938797,Fake,0.999929428100586,7.054690649965778e-05,Fake,0.9076588153839112,0.0923412144184112,Fake,0.9999139308929444,8.607769996160641e-05
/content/Dataset/Test/Real/real_3583.jpg,Real,Real,5.201423482503742e-05,0.999948024749756,Fake,0.9992434978485109,0.0007564660045318,Fake,0.9900465607643129,0.0099534094333648,Fake,0.9994366765022278,0.0005633112159557
/content/Dataset/Test/Real/real_3584.jpg,Real,Real,0.0005177598213776,0.9994822144508362,Fake,0.9999406337738036,5.940847768215463e-05,Fake,0.9984011054039,0.0015989161329343,Fake,0.999935507774353,6.447024497902021e-05
/content/Dataset/Test/Real/real_3585.jpg,Real,Real,0.001596130314283,0.9984038472175598,Fake,0.9996261596679688,0.0003738286031875,Fake,0.9956023693084716,0.0043976632878184,Fake,0.9999481439590454,5.179846266401e-05
/content/Dataset/Test/Real/real_36.jpg,Real,Real,0.0124315517023205,0.9875684380531312,Fake,0.9829392433166504,0.0170607604086399,Fake,0.6999557018280029,0.300044298171997,Fake,0.9999440908432008,5.591995068243705e-05
/content/Dataset/Test/Real/real_3603.jpg,Real,Real,0.0123629188165068,0.9876370429992676,Fake,0.951740264892578,0.0482597313821315,Fake,0.7539145946502686,0.246085375547409,Fake,0.998950719833374,0.0010491927387192
/content/Dataset/Test/Real/real_3641.jpg,Real,Real,0.3458292484283447,0.6541707515716553,Fake,0.9999165534973145,8.341923967236653e-05,Fake,0.9922516942024232,0.0077482857741415,Fake,0.9999551773071288,4.479947165236808e-05
/content/Dataset/Test/Real/real_3661.jpg,Real,Real,0.0939167886972427,0.9060832262039183,Fake,0.9335308074951172,0.0664691850543022,Fake,0.8274523019790649,0.1725477427244186,Fake,0.9999674558639526,3.250653389841318e-05
/content/Dataset/Test/Real/real_3687.jpg,Real,Real,0.0001001720811473,0.9998998641967772,Fake,0.895712673664093,0.1042872816324234,Fake,0.9864495396614076,0.0135504286736249,Fake,0.9998806715011596,0.000119338154036
/content/Dataset/Test/Real/real_3688.jpg,Real,Real,0.0016402510227635,0.998359739780426,Fake,0.9987201690673828,0.0012798423413187,Fake,0.9941275119781494,0.0058724964037537,Fake,0.9999436140060424,5.643014083034359e-05
/content/Dataset/Test/Real/real_3705.jpg,Real,Real,0.3484792411327362,0.6515207886695862,Fake,0.7726385593414307,0.2273614406585693,Fake,0.914789617061615,0.0852103307843208,Fake,0.9999676942825316,3.2291463867295533e-05
/content/Dataset/Test/Real/real_3712.jpg,Real,Real,0.2167616486549377,0.7832383513450623,Fake,0.9999502897262572,4.974825424142182e-05,Fake,0.9985860586166382,0.0014139181002974,Fake,0.999913454055786,8.656153659103438e-05
/content/Dataset/Test/Real/real_3713.jpg,Real,Real,0.0019861818291246,0.9980138540267944,Fake,0.9998449087142944,0.0001551072928123,Fake,0.997166097164154,0.0028338390402495,Fake,0.9999163150787354,8.370754221687093e-05
/content/Dataset/Test/Real/real_3714.jpg,Real,Real,0.0015397091628983,0.998460292816162,Fake,0.9977065324783324,0.0022934987209737,Fake,0.9971442818641664,0.0028557165060192,Fake,0.9999337196350098,6.624744855798781e-05
/content/Dataset/Test/Real/real_3716.jpg,Real,Real,0.0246205683797597,0.9753794074058532,Fake,0.8700440526008606,0.1299559473991394,Fake,0.6142974495887756,0.3857024908065796,Fake,0.9999574422836304,4.250876008882187e-05
/content/Dataset/Test/Real/real_3734.jpg,Real,Real,0.0026312661357223,0.9973686933517456,Fake,0.9999799728393556,1.9996774426545016e-05,Fake,0.996921956539154,0.003077995032072,Fake,0.9999105930328368,8.935981168178841e-05
/content/Dataset/Test/Real/real_3742.jpg,Real,Real,0.0097644459456205,0.9902355074882508,Fake,0.9993694424629213,0.0006305934512056,Fake,0.8582925200462341,0.1417074799537658,Fake,0.9999669790267944,3.299044328741729e-05
/content/Dataset/Test/Real/real_3778.jpg,Real,Real,0.4299134612083435,0.5700865387916565,Fake,0.5914039611816406,0.4085960388183594,Fake,0.8660183548927307,0.1339816898107528,Fake,0.996353030204773,0.0036470231134444
/content/Dataset/Test/Real/real_3786.jpg,Real,Real,0.0015051163500174,0.9984948635101318,Fake,0.999870538711548,0.0001293990208068,Fake,0.954376757144928,0.0456232167780399,Fake,0.9999445676803588,5.548369517782703e-05
/content/Dataset/Test/Real/real_3857.jpg,Real,Real,0.4331153333187103,0.5668846964836121,Fake,0.97484290599823,0.0251571051776409,Fake,0.6155179142951965,0.3844821155071258,Fake,0.9998695850372314,0.0001303439057664
/content/Dataset/Test/Real/real_3860.jpg,Real,Real,0.0016793061513453,0.9983206391334534,Fake,0.9170717000961304,0.0829283148050308,Fake,0.9974728226661682,0.0025271100457757,Fake,0.9999614953994752,3.856058538076468e-05
/content/Dataset/Test/Real/real_3864.jpg,Real,Real,0.0020821501966565,0.9979178309440612,Fake,0.8158206343650818,0.1841793656349182,Fake,0.9980093836784364,0.0019906919915229,Fake,0.9996669292449952,0.0003330577164888
/content/Dataset/Test/Real/real_3871.jpg,Real,Real,0.0003244247345719,0.9996756315231324,Fake,0.610920250415802,0.3890797793865204,Fake,0.5375105142593384,0.4624895453453064,Fake,0.9999412298202516,5.877162766410038e-05
/content/Dataset/Test/Real/real_3872.jpg,Real,Real,0.0043112272396683,0.9956887364387512,Fake,0.998854398727417,0.0011456569191068,Fake,0.9839533567428588,0.0160466507077217,Fake,0.9999648332595824,3.5137498343829066e-05
/content/Dataset/Test/Real/real_3915.jpg,Real,Real,0.0002671206893865,0.9997329115867616,Fake,0.5897489786148071,0.4102509915828705,Fake,0.8693721294403076,0.1306279003620147,Fake,0.9999493360519408,5.066684389021248e-05
/content/Dataset/Test/Real/real_3916.jpg,Real,Real,0.4183972775936126,0.5816027522087097,Fake,0.99993097782135,6.902619497850537e-05,Fake,0.9514822363853456,0.0485178120434284,Fake,0.9999163150787354,8.364034874830395e-05
/content/Dataset/Test/Real/real_3920.jpg,Real,Real,0.0081963203847408,0.9918036460876464,Fake,0.9955891370773317,0.0044108289293944,Fake,0.5477569699287415,0.4522430598735809,Fake,0.999914526939392,8.54559475556016e-05
/content/Dataset/Test/Real/real_393.jpg,Real,Real,0.0003371218335814,0.9996628761291504,Fake,0.9999877214431764,1.2259157301741652e-05,Fake,0.9976732134819032,0.0023267492651939,Fake,0.9999616146087646,3.839677810901776e-05
/content/Dataset/Test/Real/real_3970.jpg,Real,Real,0.0081212660297751,0.9918787479400636,Fake,0.9988672733306884,0.0011326951207593,Fake,0.9780195951461792,0.0219804104417562,Fake,0.9999598264694214,4.023085057269782e-05
/content/Dataset/Test/Real/real_3975.jpg,Real,Real,0.0009302265243604,0.9990697503089904,Fake,0.9990708827972412,0.000929141533561,Fake,0.9883745908737184,0.0116254147142171,Fake,0.99995756149292,4.246059324941598e-05
/content/Dataset/Test/Real/real_3992.jpg,Real,Real,8.75621844897978e-05,0.9999123811721802,Fake,0.9983896017074584,0.0016103780362755,Fake,0.9848816394805908,0.0151183623820543,Fake,0.7103493213653564,0.2896507084369659
/content/Dataset/Test/Real/real_4047.jpg,Real,Real,0.0207831151783466,0.9792168736457824,Fake,0.9995648264884948,0.0004351984825916,Fake,0.998197376728058,0.0018026086036115,Fake,0.999890923500061,0.0001090540317818
/content/Dataset/Test/Real/real_4080.jpg,Real,Real,0.0770766586065292,0.9229233264923096,Fake,0.999816596508026,0.0001834417635109,Fake,0.997194528579712,0.0028054832946509,Fake,0.9999475479125975,5.244336352916434e-05
/content/Dataset/Test/Real/real_4082.jpg,Real,Real,0.0002262047637486,0.9997738003730774,Fake,0.998354434967041,0.0016456124139949,Fake,0.9938876032829284,0.0061124106869101,Fake,0.99995756149292,4.245180753059685e-05
/content/Dataset/Test/Real/real_4094.jpg,Real,Real,0.0754508301615715,0.9245491027832032,Fake,0.999963641166687,3.633930464275181e-05,Fake,0.9986360669136048,0.0013639774406328,Fake,0.999929428100586,7.052996079437435e-05
/content/Dataset/Test/Real/real_4095.jpg,Real,Real,0.3354822695255279,0.6645177006721497,Fake,0.9997000694274902,0.000299977051327,Fake,0.9981555342674256,0.0018445020541548,Fake,0.9999094009399414,9.064564073923977e-05
/content/Dataset/Test/Real/real_4107.jpg,Real,Real,0.0842422246932983,0.9157578349113464,Fake,0.9354430437088012,0.0645569488406181,Fake,0.8785112500190735,0.1214887648820877,Fake,0.999922513961792,7.751703378744423e-05
/content/Dataset/Test/Real/real_4109.jpg,Real,Real,0.0037686296273022,0.9962313771247864,Fake,0.9997344613075256,0.0002655096177477,Fake,0.9942008256912231,0.0057991631329059,Fake,0.999962568283081,3.742749322555028e-05
/content/Dataset/Test/Real/real_4110.jpg,Real,Real,0.1871949285268783,0.8128051161766052,Fake,0.9775265455245972,0.0224734582006931,Fake,0.8478378653526306,0.1521621197462082,Fake,0.9999412298202516,5.8740410167956725e-05
/content/Dataset/Test/Real/real_4112.jpg,Real,Real,0.0101573634892702,0.9898427128791808,Fake,0.9880698323249816,0.0119301779195666,Fake,0.6175493597984314,0.3824506103992462,Fake,0.9876739382743835,0.0123260542750358
/content/Dataset/Test/Real/real_413.jpg,Real,Real,0.0613127052783966,0.938687264919281,Fake,0.8363875150680542,0.1636124849319458,Fake,0.9907782077789308,0.0092218406498432,Fake,0.5055540204048157,0.4944460093975067
/content/Dataset/Test/Real/real_4150.jpg,Real,Real,0.0001235376257682,0.9998764991760254,Fake,0.9314085245132446,0.0685915201902389,Fake,0.9983999133110046,0.0016000788891687,Fake,0.999971866607666,2.812177808664273e-05
/content/Dataset/Test/Real/real_4159.jpg,Real,Real,0.0060095768421888,0.993990421295166,Fake,0.5020565390586853,0.4979434311389923,Fake,0.7328056693077087,0.2671943306922912,Fake,0.9720081090927124,0.0279918573796749
/content/Dataset/Test/Real/real_4160.jpg,Real,Real,0.0001188978858408,0.9998810291290284,Fake,0.999723255634308,0.0002767076657619,Fake,0.9962521195411682,0.0037478855811059,Fake,0.999526023864746,0.0004739925789181
/content/Dataset/Test/Real/real_4162.jpg,Real,Real,0.0002266103983856,0.9997734427452089,Fake,0.9996684789657592,0.0003315313952043,Fake,0.9981462955474854,0.0018537685973569,Fake,0.999941349029541,5.867978325113654e-05
/content/Dataset/Test/Real/real_4232.jpg,Real,Real,0.0347324386239051,0.9652675986289978,Fake,0.9999566078186036,4.340198938734829e-05,Fake,0.9993780851364136,0.0006218400667421,Fake,0.999909281730652,9.069975931197404e-05
/content/Dataset/Test/Real/real_4233.jpg,Real,Real,0.0002165506593883,0.999783456325531,Fake,0.9973775148391724,0.0026225196197628,Fake,0.9988333582878112,0.0011666390346363,Fake,0.9999297857284546,7.019394251983613e-05
/content/Dataset/Test/Real/real_4234.jpg,Real,Real,0.0003618462651502,0.9996381998062134,Fake,0.9968260526657104,0.0031739526893943,Fake,0.9935372471809388,0.0064626964740455,Fake,0.9999176263809204,8.232655090978369e-05
/content/Dataset/Test/Real/real_4235.jpg,Real,Real,0.0029642898589372,0.9970357418060304,Fake,0.9987071752548218,0.0012928155483677,Fake,0.9987817406654358,0.0012182890204712,Fake,0.9999083280563354,9.17014476726763e-05
/content/Dataset/Test/Real/real_4236.jpg,Real,Real,0.0119290482252836,0.9880709648132324,Fake,0.9999881982803344,1.1804844689322636e-05,Fake,0.9979813694953918,0.0020186391193419,Fake,0.999897599220276,0.0001024197190417
/content/Dataset/Test/Real/real_4237.jpg,Real,Real,0.0002847673604264,0.999715268611908,Fake,0.999962568283081,3.744613422895782e-05,Fake,0.9987812638282776,0.0012187521206215,Fake,0.9999467134475708,5.333572335075587e-05
/content/Dataset/Test/Real/real_4239.jpg,Real,Real,0.0072073959745466,0.9927926063537598,Fake,0.9634574055671692,0.0365425497293472,Fake,0.9867793321609496,0.013220707885921,Fake,0.9999227523803712,7.720637950114906e-05
/content/Dataset/Test/Real/real_4240.jpg,Real,Real,0.0404294431209564,0.9595705270767212,Fake,0.9635437726974488,0.03645621240139,Fake,0.9898696541786194,0.0101302918046712,Fake,0.9998880624771118,0.0001118906511692
/content/Dataset/Test/Real/real_4241.jpg,Real,Real,0.020493546500802,0.979506492614746,Fake,0.9991932511329652,0.0008067260496318,Fake,0.9933295845985411,0.0066703809425234,Fake,0.9999138116836548,8.613007958047092e-05
/content/Dataset/Test/Real/real_4275.jpg,Real,Real,0.0001300901203649,0.9998699426651,Fake,0.9998218417167664,0.0001781893952284,Fake,0.983369529247284,0.0166304502636194,Fake,0.9999537467956544,4.625496148946695e-05
/content/Dataset/Test/Real/real_4276.jpg,Real,Real,0.0006118083838373,0.9993882179260254,Fake,0.9991083741188048,0.0008916470105759,Fake,0.9869800806045532,0.0130199268460273,Fake,0.9999481439590454,5.185589543543756e-05
/content/Dataset/Test/Real/real_4307.jpg,Real,Real,0.0013211098266765,0.9986788630485536,Fake,0.8983010053634644,0.101699024438858,Fake,0.9654806852340698,0.0345193445682525,Fake,0.9998687505722046,0.0001312726817559
/content/Dataset/Test/Real/real_4308.jpg,Real,Real,0.4734873175621032,0.526512622833252,Fake,0.714616596698761,0.2853833436965942,Fake,0.9272952675819396,0.0727047696709632,Fake,0.9999713897705078,2.8567752451635897e-05
/content/Dataset/Test/Real/real_4317.jpg,Real,Real,0.0071550947614014,0.9928448796272278,Fake,0.8532649278640747,0.1467350423336029,Fake,0.9000203609466553,0.0999796614050865,Fake,0.999954104423523,4.585699934978038e-05
/content/Dataset/Test/Real/real_4323.jpg,Real,Real,0.2140682935714721,0.7859317064285278,Fake,0.5715029239654541,0.4284971058368683,Fake,0.9687162637710572,0.0312837474048137,Fake,0.8562036156654358,0.143796369433403
/content/Dataset/Test/Real/real_4364.jpg,Real,Real,0.0276964660733938,0.9723035097122192,Fake,0.965698540210724,0.0343014821410179,Fake,0.762160062789917,0.2378399819135666,Fake,0.9997950196266174,0.0002049537288257
/content/Dataset/Test/Real/real_4365.jpg,Real,Real,0.0367736592888832,0.963226318359375,Fake,0.941415309906006,0.0585847273468971,Fake,0.9691593050956726,0.0308406483381986,Fake,0.9999350309371948,6.49957510177046e-05
/content/Dataset/Test/Real/real_4370.jpg,Real,Real,0.1354800909757614,0.8645199537277222,Fake,0.999924659729004,7.528947026003152e-05,Fake,0.9922886490821838,0.0077113648876547,Fake,0.9999055862426758,9.443524322705343e-05
/content/Dataset/Test/Real/real_4379.jpg,Real,Real,0.0127209536731243,0.9872790575027466,Fake,0.9997610449790956,0.0002389598812442,Fake,0.9922103881835938,0.0077895941212773,Fake,0.9999490976333618,5.092192441225052e-05
/content/Dataset/Test/Real/real_4395.jpg,Real,Real,0.0609662383794784,0.9390337467193604,Fake,0.727150559425354,0.2728495001792907,Fake,0.9690346121788024,0.0309654287993907,Fake,0.999876856803894,0.0001231226051459
/content/Dataset/Test/Real/real_4401.jpg,Real,Real,0.315794825553894,0.6842051148414612,Fake,0.9665775895118712,0.0334223471581935,Fake,0.9135280251502992,0.0864720121026039,Fake,0.9999216794967652,7.833220297470689e-05
/content/Dataset/Test/Real/real_4481.jpg,Real,Real,0.0067784222774207,0.9932215213775636,Fake,0.999869465827942,0.0001305541372857,Fake,0.997991681098938,0.002008378971368,Fake,0.999951958656311,4.800681927008554e-05
/content/Dataset/Test/Real/real_4508.jpg,Real,Real,0.3266220092773437,0.6733779907226562,Fake,0.7754326462745667,0.2245673686265945,Fake,0.9894200563430786,0.0105798821896314,Fake,0.8759364485740662,0.1240634843707084
/content/Dataset/Test/Real/real_4545.jpg,Real,Real,0.0005207225331105,0.999479353427887,Fake,0.9823818802833556,0.017618142068386,Fake,0.9646918177604676,0.035308189690113,Fake,0.999909520149231,9.051452070707457e-05
/content/Dataset/Test/Real/real_4547.jpg,Real,Real,0.0217536352574825,0.9782463312149048,Fake,0.9999051094055176,9.48439701460302e-05,Fake,0.9979888200759888,0.0020111526828259,Fake,0.9999651908874512,3.48572175425943e-05
/content/Dataset/Test/Real/real_4564.jpg,Real,Real,0.000556502433028,0.9994434714317322,Fake,0.964905083179474,0.0350948832929134,Fake,0.9803799390792848,0.0196201149374246,Fake,0.9999388456344604,6.119776662671939e-05
/content/Dataset/Test/Real/real_4599.jpg,Real,Real,0.0079589411616325,0.9920410513877868,Fake,0.9794166088104248,0.0205834414809942,Fake,0.803200364112854,0.1967995911836624,Fake,0.901301920413971,0.0986981242895126
/content/Dataset/Test/Real/real_4669.jpg,Real,Real,0.0026297059375792,0.9973702430725098,Fake,0.969669759273529,0.0303302966058254,Fake,0.9932791590690612,0.0067208758555352,Fake,0.999503254890442,0.0004967513959854
/content/Dataset/Test/Real/real_4698.jpg,Real,Real,0.0031072946731001,0.9968926906585692,Fake,0.8829888105392456,0.1170111745595932,Fake,0.9352096319198608,0.0647903978824615,Fake,0.9660145044326782,0.0339854881167411
/content/Dataset/Test/Real/real_4709.jpg,Real,Real,0.0077496017329394,0.992250382900238,Fake,0.5828645825386047,0.4171354472637176,Fake,0.8654641509056091,0.1345358490943908,Fake,0.9999668598175048,3.315590220154263e-05
/content/Dataset/Test/Real/real_4735.jpg,Real,Real,0.1124002784490585,0.8875997066497803,Fake,0.9712021350860596,0.0287978928536176,Fake,0.9852441549301147,0.0147559028118848,Fake,0.9999629259109496,3.702248795889318e-05
/content/Dataset/Test/Real/real_4753.jpg,Real,Real,0.1589398831129074,0.8410601019859314,Fake,0.994968593120575,0.0050313849933445,Fake,0.832812488079071,0.1671875417232513,Fake,0.9999651908874512,3.475842822808772e-05
/content/Dataset/Test/Real/real_4796.jpg,Real,Real,0.0003077723958995,0.99969220161438,Fake,0.9999934434890748,6.500936251541134e-06,Fake,0.995326042175293,0.0046739629469811,Fake,0.9998887777328492,0.0001111632300307
/content/Dataset/Test/Real/real_4823.jpg,Real,Real,0.0456598810851573,0.954340159893036,Fake,0.9999916553497314,8.388930837099906e-06,Fake,0.9941149353981018,0.0058851400390267,Fake,0.9999144077301024,8.557631372241303e-05
/content/Dataset/Test/Real/real_4829.jpg,Real,Real,0.0091864028945565,0.9908135533332824,Fake,0.9995998740196228,0.0004001824709121,Fake,0.9996383190155028,0.0003616513859014,Fake,0.9999146461486816,8.53780802572146e-05
/content/Dataset/Test/Real/real_4830.jpg,Real,Real,0.0006285557174123,0.9993714690208436,Fake,0.9989637136459352,0.0010363183682784,Fake,0.997488260269165,0.002511715516448,Fake,0.999869465827942,0.0001305085606873
/content/Dataset/Test/Real/real_4831.jpg,Real,Real,0.0017214006511494,0.9982786178588868,Fake,0.9996621608734132,0.000337821082212,Fake,0.9976981282234192,0.0023019188083708,Fake,0.999893069267273,0.0001069713835022
/content/Dataset/Test/Real/real_4847.jpg,Real,Real,0.1415931582450866,0.8584069013595581,Fake,0.9798675775527954,0.0201324261724948,Fake,0.9819728136062622,0.0180271621793508,Fake,0.9999514818191528,4.851181074627675e-05
/content/Dataset/Test/Real/real_4870.jpg,Real,Real,0.4632520973682403,0.5367478728294373,Fake,0.9999794960021972,2.0496094293775968e-05,Fake,0.9836973547935486,0.016302615404129,Fake,0.9999433755874634,5.659456655848771e-05
/content/Dataset/Test/Real/real_4875.jpg,Real,Real,0.0981923043727874,0.9018077254295348,Fake,0.9299594163894652,0.0700406059622764,Fake,0.6640665531158447,0.3359334766864776,Fake,0.9999290704727172,7.09542800905183e-05
/content/Dataset/Test/Real/real_4876.jpg,Real,Real,0.0090185832232236,0.99098140001297,Fake,0.9999954700469972,4.487197656999342e-06,Fake,0.9655209183692932,0.0344790481030941,Fake,0.9999377727508544,6.227967969607562e-05
/content/Dataset/Test/Real/real_4880.jpg,Real,Real,0.0874577909708023,0.9125422239303588,Fake,0.936034381389618,0.0639656782150268,Fake,0.9449712634086608,0.0550287142395973,Fake,0.5383176207542419,0.461682379245758
/content/Dataset/Test/Real/real_4903.jpg,Real,Real,0.0444363132119178,0.9555637240409852,Fake,0.999985694885254,1.4266293874243274e-05,Fake,0.9985570311546326,0.0014429861912503,Fake,0.9999017715454102,9.817970567382872e-05
/content/Dataset/Test/Real/real_4905.jpg,Real,Real,0.0214463919401168,0.9785536527633668,Fake,0.9999940395355223,5.905607849854277e-06,Fake,0.9985833168029784,0.0014167353510856,Fake,0.9999253749847412,7.464906957466155e-05
/content/Dataset/Test/Real/real_4906.jpg,Real,Real,0.0145360296592116,0.9854639172554016,Fake,0.9999154806137084,8.4469465946313e-05,Fake,0.965495228767395,0.0345047675073146,Fake,0.9999443292617798,5.566079926211387e-05
/content/Dataset/Test/Real/real_4916.jpg,Real,Real,0.0080820173025131,0.9919180274009703,Fake,0.7615566849708557,0.2384432703256607,Fake,0.7754583954811096,0.2245416343212127,Fake,0.9999427795410156,5.716572559322231e-05
/content/Dataset/Test/Real/real_4959.jpg,Real,Real,0.0028756628744304,0.9971243739128112,Fake,0.999959111213684,4.090733273187652e-05,Fake,0.997893750667572,0.002106225118041,Fake,0.9999313354492188,6.866602780064568e-05
/content/Dataset/Test/Real/real_4984.jpg,Real,Real,0.0018382207490503,0.9981617331504822,Fake,0.9987894892692566,0.0012105116620659,Fake,0.9985604882240297,0.0014394889585673,Fake,0.999907612800598,9.23466868698597e-05
/content/Dataset/Test/Real/real_4985.jpg,Real,Real,0.1742193698883056,0.8257806301116943,Fake,0.999990940093994,9.09034406504361e-06,Fake,0.9948242902755736,0.0051756794564425,Fake,0.9999582767486572,4.175905996817164e-05
/content/Dataset/Test/Real/real_4993.jpg,Real,Real,0.0084786098450422,0.9915213584899902,Fake,0.9999873638153076,1.268891901418101e-05,Fake,0.9974428415298462,0.0025571195874363,Fake,0.9999511241912842,4.893244113191031e-05
/content/Dataset/Test/Real/real_4994.jpg,Real,Real,0.0841831788420677,0.9158167839050292,Fake,0.9685583114624025,0.031441681087017,Fake,0.9959741234779358,0.004025864880532,Fake,0.9999568462371826,4.3174775782972574e-05
/content/Dataset/Test/Real/real_500.jpg,Real,Real,0.2098604440689087,0.7901395559310913,Fake,0.9795772433280944,0.020422713831067,Fake,0.8974880576133728,0.1025119125843048,Fake,0.9978429079055786,0.0021570411045104
/content/Dataset/Test/Real/real_5022.jpg,Real,Real,0.419888287782669,0.5801117420196533,Fake,0.999886393547058,0.0001135724160121,Fake,0.9918184280395508,0.0081815496087074,Fake,0.9999406337738036,5.941607014392503e-05
/content/Dataset/Test/Real/real_5027.jpg,Real,Real,0.4255919158458709,0.5744081139564514,Fake,0.9998784065246582,0.000121537821542,Fake,0.9970495700836182,0.0029503477271646,Fake,0.999920129776001,7.98203909653239e-05
/content/Dataset/Test/Real/real_5042.jpg,Real,Real,0.0052608125843107,0.9947392344474792,Fake,0.9999620914459229,3.7859270378248766e-05,Fake,0.999483585357666,0.0005163970636203,Fake,0.9999487400054932,5.1291681302245706e-05
/content/Dataset/Test/Real/real_5050.jpg,Real,Real,9.091173706110568e-05,0.9999090433120728,Fake,0.8881533145904541,0.1118466928601265,Fake,0.8182359337806702,0.1817640662193298,Fake,0.999901533126831,9.849064372247084e-05
/content/Dataset/Test/Real/real_5052.jpg,Real,Real,0.0409942530095577,0.9590057134628296,Fake,0.9726569652557372,0.0273430664092302,Fake,0.9542307257652284,0.0457692965865135,Fake,0.9989470839500428,0.0010529566789045
/content/Dataset/Test/Real/real_5067.jpg,Real,Real,0.0331192053854465,0.9668808579444884,Fake,0.999864101409912,0.0001358701410936,Fake,0.9968628883361816,0.0031370851211249,Fake,0.9999196529388428,8.032725600060076e-05
/content/Dataset/Test/Real/real_5068.jpg,Real,Real,0.0040729260072112,0.9959270358085632,Fake,0.9921829104423524,0.0078170169144868,Fake,0.9969704151153564,0.0030295124743133,Fake,0.9999200105667114,8.001289097592235e-05
/content/Dataset/Test/Real/real_5087.jpg,Real,Real,0.0002523245348129,0.9997476935386658,Fake,0.9988954067230223,0.0011045407736673,Fake,0.9984241724014282,0.0015758489025756,Fake,0.9999372959136964,6.27110421191901e-05
/content/Dataset/Test/Real/real_5088.jpg,Real,Real,0.0237101223319768,0.976289927959442,Fake,0.9960514903068542,0.0039485786110162,Fake,0.9981977343559264,0.001802243059501,Fake,0.9999160766601562,8.386509580304846e-05
/content/Dataset/Test/Real/real_5090.jpg,Real,Real,0.0108851622790098,0.9891148805618286,Fake,0.998187243938446,0.0018128013471141,Fake,0.9963665008544922,0.0036335329059511,Fake,0.9999159574508668,8.400132355745882e-05
/content/Dataset/Test/Real/real_5091.jpg,Real,Real,0.0533458106219768,0.9466542601585388,Fake,0.998696744441986,0.0013033330906182,Fake,0.9983404874801636,0.0016595426714047,Fake,0.9999061822891236,9.38108205446042e-05
/content/Dataset/Test/Real/real_5097.jpg,Real,Real,0.0017439313232898,0.9982560276985168,Fake,0.8676446676254272,0.1323553174734115,Fake,0.981459617614746,0.0185403227806091,Fake,0.9999537467956544,4.620659819920547e-05
/content/Dataset/Test/Real/real_5099.jpg,Real,Real,4.974322655471042e-05,0.9999502897262572,Fake,0.9999734163284302,2.6533421987551264e-05,Fake,0.989941656589508,0.0100583778694272,Fake,0.9998995065689088,0.0001005200028885
/content/Dataset/Test/Real/real_5100.jpg,Real,Real,0.0361087583005428,0.9638912677764891,Fake,0.9996156692504884,0.000384335493436,Fake,0.9946414232254028,0.0053585921414196,Fake,0.9999451637268066,5.4887183068785816e-05
/content/Dataset/Test/Real/real_5106.jpg,Real,Real,0.0174006111919879,0.9825993776321412,Fake,0.9999250173568726,7.50101389712654e-05,Fake,0.9989029169082642,0.001097033615224,Fake,0.9999529123306274,4.705000537796877e-05
/content/Dataset/Test/Real/real_5107.jpg,Real,Real,0.0001292641100008,0.999870777130127,Fake,0.999816596508026,0.000183403288247,Fake,0.99471515417099,0.0052848574705421,Fake,0.9999597072601318,4.031273056170903e-05
/content/Dataset/Test/Real/real_5108.jpg,Real,Real,0.0816032588481903,0.9183967113494872,Fake,0.9999712705612184,2.875262543966528e-05,Fake,0.9980612397193908,0.0019387659849599,Fake,0.9999542236328124,4.578612424666062e-05
/content/Dataset/Test/Real/real_5112.jpg,Real,Real,0.0218794904649257,0.978120505809784,Fake,0.7522087097167969,0.2477913349866867,Fake,0.9078275561332704,0.0921724811196327,Fake,0.9999662637710572,3.376658060005866e-05
/content/Dataset/Test/Real/real_5113.jpg,Real,Real,0.0101169077679514,0.9898831248283386,Fake,0.8390388488769531,0.1609611958265304,Fake,0.9208627939224244,0.0791371613740921,Fake,0.7162554264068604,0.2837445437908172
/content/Dataset/Test/Real/real_5124.jpg,Real,Real,0.2073060721158981,0.7926939129829407,Fake,0.9562157392501832,0.0437842570245265,Fake,0.9590861797332764,0.0409138277173042,Fake,0.999942183494568,5.7794655731413513e-05
/content/Dataset/Test/Real/real_5125.jpg,Real,Real,0.0194080416113138,0.9805919528007508,Fake,0.8974901437759399,0.10250985622406,Fake,0.9537149667739868,0.0462850593030452,Fake,0.9999508857727052,4.912192889605649e-05
/content/Dataset/Test/Real/real_5128.jpg,Real,Real,0.346320629119873,0.6536793112754822,Fake,0.8813806176185608,0.118619330227375,Fake,0.712452232837677,0.2875477373600006,Fake,0.9999722242355348,2.7773015972343277e-05
/content/Dataset/Test/Real/real_5132.jpg,Real,Real,0.0001360543683404,0.9998639822006226,Fake,0.6009906530380249,0.3990094065666199,Fake,0.9696763157844543,0.0303236190229654,Fake,0.9996302127838136,0.0003698104410432
/content/Dataset/Test/Real/real_5134.jpg,Real,Real,0.0139371799305081,0.9860628247261048,Fake,0.5730718374252319,0.426928162574768,Fake,0.9925737380981444,0.0074263056740164,Fake,0.9999445676803588,5.543439692701213e-05
/content/Dataset/Test/Real/real_5147.jpg,Real,Real,0.1798722147941589,0.8201277852058411,Fake,0.9520798325538636,0.0479201488196849,Fake,0.9979368448257446,0.0020632098894566,Fake,0.9999058246612548,9.416627290192991e-05
/content/Dataset/Test/Real/real_5148.jpg,Real,Real,0.0002744894882198,0.9997255206108092,Fake,0.880241870880127,0.1197580993175506,Fake,0.5381383895874023,0.46186164021492,Fake,0.9997819066047668,0.0002181619638577
/content/Dataset/Test/Real/real_5169.jpg,Real,Real,0.3049842119216919,0.6950157284736633,Fake,0.999183475971222,0.0008165673352777,Fake,0.9474730491638184,0.0525269657373428,Fake,0.9999204874038696,7.95183950685896e-05
/content/Dataset/Test/Real/real_5175.jpg,Real,Real,0.0029330642428249,0.9970669150352478,Fake,0.9998449087142944,0.0001550494780531,Fake,0.9946660995483398,0.0053339279256761,Fake,0.9999136924743652,8.624151814728975e-05
/content/Dataset/Test/Real/real_5181.jpg,Real,Real,0.0002373682946199,0.9997625946998596,Fake,0.9999858140945436,1.4133152035356034e-05,Fake,0.9893723130226136,0.0106276581063866,Fake,0.9999593496322632,4.066804467584007e-05
/content/Dataset/Test/Real/real_5182.jpg,Real,Real,0.0003750943869818,0.9996248483657836,Fake,0.9996439218521118,0.0003560549812391,Fake,0.9407040476799012,0.0592959187924861,Fake,0.999927282333374,7.269001071108505e-05
/content/Dataset/Test/Real/real_5200.jpg,Real,Real,0.4425272047519684,0.557472825050354,Fake,0.9998063445091248,0.0001936700427904,Fake,0.993052899837494,0.0069471141323447,Fake,0.9999467134475708,5.332244836608879e-05
/content/Dataset/Test/Real/real_5210.jpg,Real,Real,0.0001648013858357,0.9998351335525512,Fake,0.6379197835922241,0.3620801866054535,Fake,0.9271556735038756,0.072844311594963,Fake,0.9999499320983888,5.01082104165107e-05
/content/Dataset/Test/Real/real_5216.jpg,Real,Real,0.0058822897262871,0.9941177368164062,Fake,0.782397985458374,0.2176020145416259,Fake,0.995202660560608,0.004797370173037,Fake,0.9990822076797484,0.0009177270112559
/content/Dataset/Test/Real/real_5219.jpg,Real,Real,0.0001848747924668,0.9998151659965516,Fake,0.8579831123352051,0.1420168578624725,Fake,0.992657482624054,0.0073424819856882,Fake,0.9996100068092346,0.0003900275041814
/content/Dataset/Test/Real/real_5220.jpg,Real,Real,0.4362340569496155,0.5637659430503845,Fake,0.9975378513336182,0.0024621356278657,Fake,0.8122736215591431,0.1877264082431793,Fake,0.9999340772628784,6.590460543520749e-05
/content/Dataset/Test/Real/real_5222.jpg,Real,Real,0.4011642932891845,0.5988357067108154,Fake,0.9757752418518066,0.024224754422903,Fake,0.5360631346702576,0.46393683552742,Fake,0.6744908690452576,0.3255091309547424
/content/Dataset/Test/Real/real_5237.jpg,Real,Real,0.0007327037164941,0.999267280101776,Fake,0.998229444026947,0.0017705466598272,Fake,0.9244930744171144,0.0755068957805633,Fake,0.9999297857284546,7.02386605553329e-05
/content/Dataset/Test/Real/real_5248.jpg,Real,Real,0.0279210228472948,0.9720789790153505,Fake,0.9940040707588196,0.0059958831407129,Fake,0.9862563014030457,0.013743644580245,Fake,0.9999493360519408,5.07162039866671e-05
/content/Dataset/Test/Real/real_5249.jpg,Real,Real,0.016667665913701,0.9833323955535888,Fake,0.9998940229415894,0.0001059354617609,Fake,0.9568272829055786,0.0431727059185504,Fake,0.999958634376526,4.135385097470135e-05
/content/Dataset/Test/Real/real_5250.jpg,Real,Real,0.2968455255031585,0.7031545042991638,Fake,0.9992008805274964,0.0007991719758138,Fake,0.990931272506714,0.0090686744078993,Fake,0.9999427795410156,5.717281601391733e-05
/content/Dataset/Test/Real/real_5255.jpg,Real,Real,0.0470269322395324,0.9529730081558228,Fake,0.8684002757072449,0.1315997242927551,Fake,0.7435954809188843,0.2564044594764709,Fake,0.9999514818191528,4.85660602862481e-05
/content/Dataset/Test/Real/real_5264.jpg,Real,Real,0.372822642326355,0.6271774172782898,Fake,0.9999493360519408,5.06040669279173e-05,Fake,0.9986059069633484,0.0013941434444859,Fake,0.9998877048492432,0.0001122594549087
/content/Dataset/Test/Real/real_5271.jpg,Real,Real,0.0421007424592971,0.9578992128372192,Fake,0.9995383024215698,0.0004617121303454,Fake,0.9917439818382264,0.0082559939473867,Fake,0.9999620914459229,3.787902460317128e-05
/content/Dataset/Test/Real/real_5282.jpg,Real,Real,0.0234385747462511,0.976561427116394,Fake,0.9999932050704956,6.7862697505916e-06,Fake,0.998498558998108,0.0015014596283435,Fake,0.9999562501907348,4.373341289465316e-05
/content/Dataset/Test/Real/real_5286.jpg,Real,Real,0.0001888952247099,0.9998111128807068,Fake,0.9353647232055664,0.06463523209095,Fake,0.9669365882873536,0.0330633893609046,Fake,0.6156160831451416,0.3843839168548584
/content/Dataset/Test/Real/real_5288.jpg,Real,Real,0.0301736332476139,0.969826340675354,Fake,0.9744506478309632,0.0255493987351655,Fake,0.9990309476852416,0.0009690989973023,Fake,0.9999502897262572,4.975437695975416e-05
/content/Dataset/Test/Real/real_5293.jpg,Real,Real,0.1668667048215866,0.8331332802772522,Fake,0.5109509229660034,0.4890490770339966,Fake,0.966855764389038,0.0331442654132843,Fake,0.9990365505218506,0.0009634454618208
/content/Dataset/Test/Real/real_5315.jpg,Real,Real,0.145903080701828,0.8540969491004944,Fake,0.988743782043457,0.0112562244758009,Fake,0.5465519428253174,0.4534480571746826,Fake,0.9999669790267944,3.306055077700876e-05
/content/Dataset/Test/Real/real_5335.jpg,Real,Real,0.0005827897111885,0.9994171857833862,Fake,0.9869565963745116,0.0130434539169073,Fake,0.994540274143219,0.0054597407579422,Fake,0.999930739402771,6.930003291927278e-05
/content/Dataset/Test/Real/real_5341.jpg,Real,Real,0.2405364960432052,0.7594635486602783,Fake,0.9806026816368104,0.0193972494453191,Fake,0.9544795751571656,0.0455203913152217,Fake,0.9999520778656006,4.7930523578543216e-05
/content/Dataset/Test/Real/real_5342.jpg,Real,Real,0.0108872465789318,0.9891127943992616,Fake,0.998675525188446,0.0013244786532595,Fake,0.9937044978141784,0.0062955436296761,Fake,0.9999465942382812,5.338054688763805e-05
/content/Dataset/Test/Real/real_5345.jpg,Real,Real,0.0075958878733217,0.992404043674469,Fake,0.9496719241142272,0.0503280349075794,Fake,0.9872870445251464,0.0127129135653376,Fake,0.999955415725708,4.456218084669672e-05
/content/Dataset/Test/Real/real_5353.jpg,Real,Real,0.1209894120693206,0.8790105581283569,Fake,0.9621915221214294,0.0378084480762481,Fake,0.9838988184928894,0.0161012504249811,Fake,0.9995094537734984,0.0004905898822471
/content/Dataset/Test/Real/real_5356.jpg,Real,Real,0.000433761102613,0.9995662569999696,Fake,0.9815956950187684,0.0184042509645223,Fake,0.9915404915809632,0.0084594944491982,Fake,0.999873161315918,0.0001267730549443
/content/Dataset/Test/Real/real_5368.jpg,Real,Real,0.3553658425807953,0.6446341872215271,Fake,0.981002926826477,0.0189970359206199,Fake,0.9967004656791688,0.0032995217479765,Fake,0.9999346733093262,6.534544081659988e-05
/content/Dataset/Test/Real/real_5392.jpg,Real,Real,0.1923730671405792,0.8076269626617432,Fake,0.5681876540184021,0.4318123757839203,Fake,0.9983824491500854,0.0016175876371562,Fake,0.9898717999458312,0.0101281786337494
/content/Dataset/Test/Real/real_5399.jpg,Real,Real,0.0001310872903559,0.999868869781494,Fake,0.9962201714515686,0.003779869293794,Fake,0.8576223254203796,0.1423776894807815,Fake,0.9999513626098632,4.861893103225157e-05
/content/Dataset/Test/Real/real_5400.jpg,Real,Real,0.054719541221857,0.9452804923057556,Fake,0.8303294777870178,0.1696705371141433,Fake,0.9420993328094482,0.057900633662939,Fake,0.999950647354126,4.929888746119104e-05
/content/Dataset/Test/Real/real_5404.jpg,Real,Real,0.4900197684764862,0.5099802017211914,Fake,0.9915407299995422,0.0084593230858445,Fake,0.9207369685173036,0.0792630463838577,Fake,0.9444370865821838,0.0555629767477512
/content/Dataset/Test/Real/real_696.jpg,Real,Real,0.0929713323712349,0.9070286154747008,Fake,0.9524486064910888,0.0475513823330402,Fake,0.9721482396125792,0.0278516896069049,Fake,0.9999653100967408,3.4685584978433326e-05
/content/Dataset/Test/Real/real_72.jpg,Real,Real,0.007062935270369,0.9929370284080504,Fake,0.8813528418540955,0.1186471804976463,Fake,0.9636803269386292,0.0363197103142738,Fake,0.999964952468872,3.5012333682971075e-05
/content/Dataset/Test/Real/real_759.jpg,Real,Real,0.0620443001389503,0.9379557371139526,Fake,0.920328676700592,0.0796713531017303,Fake,0.973471999168396,0.0265279822051525,Fake,0.9675754308700562,0.0324246175587177
/content/Dataset/Test/Real/real_760.jpg,Real,Real,0.0022329012863337,0.9977670907974244,Fake,0.9999831914901732,1.6765012333053164e-05,Fake,0.9941009879112244,0.0058989878743886,Fake,0.999907374382019,9.265656262869015e-05
/content/Dataset/Test/Real/real_775.jpg,Real,Real,0.2443577498197555,0.7556422352790833,Fake,0.897674560546875,0.1023254245519638,Fake,0.8700154423713684,0.1299845427274704,Fake,0.9783138632774352,0.0216861795634031
/content/Dataset/Test/Real/real_85.jpg,Real,Real,0.0002380234946031,0.999761998653412,Fake,0.8452705144882202,0.1547295004129409,Fake,0.9213474988937378,0.0786525383591651,Fake,0.9999477863311768,5.217090802034363e-05
/content/Dataset/Test/Real/real_87.jpg,Real,Real,0.0101226205006241,0.9898774027824402,Fake,0.9997702240943908,0.000229786557611,Fake,0.9978785514831544,0.0021215088199824,Fake,0.9999207258224488,7.92692371760495e-05
/content/Dataset/Test/Real/real_955.jpg,Real,Real,0.0185223538428545,0.981477677822113,Fake,0.9312803149223328,0.0687196552753448,Fake,0.9978783130645752,0.002121735131368,Fake,0.9999651908874512,3.476950223557651e-05
